{
  "coeffs": {
    "CO2": 35.275039188379864,
    "O2": 0.02950056060294015
  },
  "intercept": 2.044249868996669
}