{"n":17290,"r2":0.4405696129339908,"mse":75694426772.78603}