{
  "coeffs": {
    "grade": 121354.69813615977
  },
  "intercept": -374378.2675460795
}