{
  "coeffs": {
    "grade": 207762.7883615701
  },
  "intercept": -1050500.5136678368
}