{
  "n": 404,
  "r2": 0.5183020877869898,
  "mse": 41.21138143739622
}