{"n":160,"r2":0.814401582234321,"mse":0.007816910139615574}