{"n":160,"r2":0.643015188101224,"mse":0.015035247764576178}