{
  "n": 96,
  "r2": 0.24406042585827903,
  "mse": 24046.57097952549
}