{
  "coeffs": {
    "Salnty": 0.23301467047927146
  },
  "intercept": 0.012189308908442989
}