{"coeffs":{"newspaper":0.05986223658707423,"radio":0.2455286890705559,"tv":0.3797413283689158},"intercept":0.17721539709391199}