{"coeffs":{"tv":0.5695823728693639},"intercept":0.2158978690050924}