{
  "coeffs": {
    "AGE": -0.08024658751767286,
    "RM": 6.387403475213498
  },
  "intercept": -11.769149996331445
}