{
  "n": 156,
  "r2": -0.102417456320401,
  "mse": 6.789644203746868
}